{
    "version": "0.2.0",
    "configurations": [
        {
            "name": "Cpp: Debug (Single File)",
            "type": "cppdbg",
            "request": "launch",
            "args": [],
            "stopAtEntry": false,
            "cwd": "${fileDirname}",
            "environment": [],
            "program": "${fileDirname}/${fileBasenameNoExtension}Debug",
            "internalConsoleOptions": "openOnSessionStart",
            "preLaunchTask": "Cpp: Debug (Single File)",
            "linux": {
                "MIMode": "gdb",
                "miDebuggerPath": "/usr/bin/gdb",
                "externalConsole": false,
            },
            "osx": {
                "MIMode": "lldb",
                "externalConsole": false,
            },
            "windows": {
                "MIMode": "gdb",
                "miDebuggerPath": "C:/cygwin64/bin/gdb.exe",
                "externalConsole": true,
            }
        },
        {
            "name": "Cpp: Debug (Folder)",
            "type": "cppdbg",
            "request": "launch",
            "args": [],
            "stopAtEntry": false,
            "cwd": "${fileDirname}",
            "environment": [],
            "program": "${fileDirname}/${fileBasenameNoExtension}Debug",
            "internalConsoleOptions": "openOnSessionStart",
            "preLaunchTask": "Cpp: Debug (Folder)",
            "linux": {
                "MIMode": "gdb",
                "miDebuggerPath": "/usr/bin/gdb",
                "externalConsole": false,
            },
            "osx": {
                "MIMode": "lldb",
                "externalConsole": false,
            },
            "windows": {
                "MIMode": "gdb",
                "miDebuggerPath": "C:/cygwin64/bin/gdb.exe",
                "externalConsole": true,
            }
        }
    ]
}